Personne,사람 (sa ram)
Nom,이름 (i reum)
Traduction Française,Coréen (Phonétique)
Oui,네 (ne)
Non,아니요 (a ni yo)
Merci (Formel),감사합니다 (gam sa ham ni da)
Merci (Poli),고맙습니다 (go map seum ni da)
Bonjour (Formel),안녕하세요 (an nyeong ha se yo)
Au revoir (Si vous partez),안녕히 계세요 (an nyeong hi gye se yo)
Au revoir (Si l'autre part),안녕히 가세요 (an nyeong hi ga se yo)
Excusez-moi (Pour attirer l'attention),저기요 (jeo gi yo)
Excusez-moi / Pardon (Pour s'excuser),죄송합니다 (joe song ham ni da)
Excusez-moi (Moins formel),미안합니다 (mi an ham ni da)
S'il vous plaît (Donnez-moi...),...주세요 (...ju se yo)
Ça va / C'est bon / Je vais bien,괜찮아요 (gwaen chan a yo)
Enchanté(e),반갑습니다 (ban gap seum ni da)
Je / Moi (Poli),저 (jeo)
Je / Moi (Informel),나 (na)
"Tu (Rare, souvent évité)",너 (neo)
Il / Elle / Cette personne,그 사람 (geu sa ram)
Nous,우리 (u ri)
Ami,친구 (chin gu)
Famille,가족 (ga jok)
Mère,어머니 (eo meo ni)
Père,아버지 (a beo ji)
Homme,남자 (nam ja)
Femme,여자 (yeo ja)
Quoi,뭐 (mwo)
Où,어디 (eo di)
Quand,언제 (eon je)
Qui,누구 (nu gu)
Pourquoi,왜 (wae)
Comment,어떻게 (eo tteo ke)
Combien (Prix),얼마 (eol ma)
Combien (Quantité),얼마나 (eol ma na) / 몇 개 (myeot gae)
Ceci / Ça (Proche de moi),이거 (i geo)
Cela (Proche de vous),그거 (geu geo)
Cela (Loin de nous deux),저거 (jeo geo)
Ici,여기 (yeo gi)
Là (Proche de vous),거기 (geo gi)
Là-bas (Loin),저기 (jeo gi)
Maison / Chez soi,집 (jip)
Toilettes,화장실 (hwa jang sil)
École / Université,학교 (hak gyo)
Entreprise / Travail,회사 (hoe sa)
Hôpital,병원 (byeong won)
Pharmacie,약국 (yak guk)
Restaurant,식당 (sik dang)
Café (lieu),카페 (ka pe)
Magasin,가게 (ga ge)
Grand magasin,백화점 (baek hwa jeom)
Marché,시장 (si jang)
Banque,은행 (eun haeng)
Métro,지하철 (ji ha cheol)
Gare (Train),기차역 (gi cha yeok)
Aéroport,공항 (gong hang)
Corée (du Sud),한국 (han guk)
Eau,물 (mul)
Nourriture / Riz cuit,밥 (bap)
Pain,빵 (ppang)
Café (boisson),커피 (keo pi)
Bière,맥주 (maek ju)
Lait,우유 (u yu)
Viande,고기 (go gi)
Légumes,야채 (ya chae)
Fruits,과일 (gwa il)
Addition / Facture,계산서 (gye san seo)
Maintenant,지금 (ji geum)
Aujourd'hui,오늘 (o neul)
Demain,내일 (nae il)
Hier,어제 (eo je)
Matin,아침 (a chim)
Après-midi / Journée,낮 (nat) / 오후 (o hu)
Soir,저녁 (jeo nyeok)
Nuit,밤 (bam)
Toujours,항상 (hang sang)
Souvent,자주 (ja ju)
Parfois,가끔 (ga kkeum)
Heure,시간 (si gan)
Minute,분 (bun)
Faire,해요 (hae yo)
Aller,가요 (ga yo)
Venir,와요 (wa yo)
Manger,먹어요 (meo geo yo)
Boire,마셔요 (ma syeo yo)
Dormir,자요 (ja yo)
Voir / Regarder,봐요 (bwa yo)
Écouter / Entendre,들어요 (deu reo yo)
Parler,말해요 (mal hae yo)
Lire,읽어요 (il geo yo)
Écrire,써요 (sseo yo)
Acheter,사요 (sa yo)
Vendre,팔아요 (pa ra yo)
Apprendre / Étudier,공부해요 (gong bu hae yo)
Travailler,일해요 (il hae yo)
Rencontrer,만나요 (man na yo)
Attendre,기다려요 (gi da ryeo yo)
Donner,줘요 (jwo yo)
Recevoir,받아요 (ba da yo)
Aimer (romantique),사랑해요 (sa rang hae yo)
Aimer (apprécier),좋아해요 (jo a hae yo)
Détester / Ne pas aimer,싫어해요 (si reo hae yo)
Savoir / Comprendre,알아요 (a ra yo)
Ne pas savoir / Pas comprendre,몰라요 (mol la yo)
Ouvrir,열어요 (yeo reo yo)
Fermer,닫아요 (da da yo)
Monter (dans un transport),타요 (ta yo)
Descendre,내려요 (nae ryeo yo)
Être (Identification : C'est...),...이에요 / ...예요 (...i e yo / ...ye yo)
Être (Localisation : Être à...),...에 있어요 (...e i sseo yo)
Avoir / Exister (Il y a...),있어요 (i sseo yo)
Ne pas avoir / Ne pas exister,없어요 (eop seo yo)
Être bon / Bien,좋아요 (jo a yo)
Être mauvais,나빠요 (na ppa yo)
Être grand,커요 (keo yo)
Être petit,작아요 (ja ga yo)
Être beaucoup / nombreux,많아요 (ma na yo)
Être peu,적어요 (jeo geo yo)
Être délicieux,맛있어요 (ma shi sseo yo)
Ne pas être délicieux,맛없어요 (ma deop seo yo)
Être amusant / Intéressant,재미있어요 (jae mi i sseo yo)
Être ennuyeux,재미없어요 (jae mi eop seo yo)
Être difficile,어려워요 (eo ryeo wo yo)
Être facile,쉬워요 (swi wo yo)
Avoir mal / Être malade,아파요 (a pa yo)
Être fatigué,피곤해요 (pi gon hae yo)
Être occupé,바빠요 (ba ppa yo)
Être chaud (météo),더워요 (deo wo yo)
Être froid (météo),추워요 (chu wo yo)
Être chaud (objet),뜨거워요 (tteu geo wo yo)
Être froid (objet),차가워요 (cha ga wo yo)
Être joli / Beau,예뻐요 (ye ppeo yo)
Être cool / Impressionnant,멋있어요 (meo shi sseo yo)
Très / Beaucoup,아주 (a ju) / 너무 (neo mu)
Un peu,조금 (jo geum)
Vraiment / Réellement,진짜 (jin jja)
Et (connecte les noms),...하고 (ha go) / ...와/과 (wa/gwa)
Et / Et puis (connecte les phrases),그리고 (geu ri go)
Mais / Cependant,하지만 (ha ji man)
Donc / Alors,그래서 (geu rae seo)
Vouloir faire...,...고 싶어요 (...go shi peo yo)
Pouvoir (faire...),...(으)ㄹ 수 있어요 (...(eu)l su i sseo yo)
Ne pas pouvoir (faire...),...못 해요 (...mot hae yo)
Je ne comprends pas,이해 못 해요 (i hae mot hae yo)
"Parlez plus lentement, svp",천천히 말해주세요 (cheon cheon hi mal hae ju se yo)
Comment dit-on X en coréen ?,X 한국말로 뭐예요? (X han guk mal lo mwo ye yo?)
Bonne nuit,잘 자요 (jal ja-yo)
Bon appétit (avant de manger),잘 먹겠습니다 (jal meok-get-seum-ni-da)
Merci pour le repas (après avoir mangé),잘 먹었습니다 (jal meo-geot-seum-ni-da)
Félicitations,축하해요 (chu-ka-hae-yo)
Bienvenue,어서 오세요 (eo-seo o-se-yo)
Bonne chance,화이팅 (hwa-i-ting)
S'il vous plaît (en demandant un service),제발 (je-bal)
D'accord,알겠어요 (al-ge-sseo-yo)
Bien sûr / Certainement,그럼요 (geu-reom-yo)
Un instant / Attendez,잠시만요 (jam-si-man-yo)
Vite / Dépêchons-nous,빨리 (ppal-li)
Ensuite / Puis,그 다음 (geu da-eum)
Avant,전에 (jeon-e)
Après,후에 (hu-e)
Maintenant,이제 (i-je)
Encore / De nouveau,또 (tto)
"Encore (dans le sens ""à nouveau"")",다시 (da-si)
Seulement,فقط (bak-kke)
Soudainement,갑자기 (gap-ja-gi)
"Sœur (aînée, pour une fille)",언니 (eon-ni)
"Frère (aîné, pour un garçon)",형 (hyeong)
Sœur (cadette),여동생 (yeo-dong-saeng)
Frère (cadet),남동생 (nam-dong-saeng)
Enfant,아이 (a-i) / 어린이 (eo-ri-ni)
Animal,동물 (dong-mul)
Chien,개 (gae)
Chat,고양이 (go-yang-i)
Pluie,비 (bi)
Neige,눈 (nun)
Soleil,해 (hae) / 태양 (tae-yang)
Vent,바람 (ba-ram)
Nuageux,흐림 (heu-rim)
Montagne,산 (san)
Mer,바다 (ba-da)
Rivière,강 (gang)
Parc,공원 (gong-won)
Livre,책 (chaek)
Stylo / Crayon,펜 (pen) / 연필 (yeon-pil)
Téléphone,전화기 (jeon-hwa-gi)
Ordinateur,컴퓨터 (keom-pyu-teo)
Internet,인터넷 (in-teo-net)
Musique,음악 (eu-mak)
Chanson,노래 (no-rae)
Film,영화 (yeong-hwa)
Photo,사진 (sa-jin)
Cadeau,선물 (seon-mul)
Argent,돈 (don)
Temps (météo),날씨 (nal-ssi)
Problème,문제 (mun-je)
Idée,아이디어 (a-i-di-eo)
Histoire,이야기 (i-ya-gi)
Rêve,꿈 (kkum)
Vacances,휴가 (hyu-ga)
Voyage,여행 (yeo-haeng)
Pays,나라 (na-ra)
Ville,도시 (do-si)
Rue,거리 (geo-ri)
Pont,다리 (da-ri)
Voiture,차 (cha)
Vélo,자전거 (ja-jeon-geo)
Avion,비행기 (bi-haeng-gi)
Entrer / Rentrer,들어가요 (deu-reo-ga-yo)
Sortir,나가요 (na-ga-yo)
Rester,머물러요 (meo-mul-leo-yo)
Partir / Quitter,떠나요 (tteo-na-yo)
Courir,달려요 (dal-ryeo-yo)
Marcher,걸어요 (geo-reo-yo)
S'asseoir,앉아요 (an-ja-yo)
Se lever (debout),일어나요 (i-reo-na-yo)
Tenir / Prendre,잡아요 (ja-ba-yo)
Mettre (des vêtements),입어요 (i-beo-yo)
Enlever (des vêtements),벗어요 (beo-seo-yo)
Laver,씻어요 (ssi-seo-yo)
Nettoyer,청소해요 (cheong-so-hae-yo)
Cuisiner,요리해요 (yo-ri-hae-yo)
Acheter (pour offrir),사 드리다 (sa deu-ri-da)
Essayer,시도해요 (si-do-hae-yo)
Changer,변경해요 (byeon-gyeong-hae-yo)
Utiliser,사용해요 (sa-yong-hae-yo)
Sentir (odorat),냄새 맡아요 (naem-sae mat-a-yo)
Rire,웃어요 (u-seo-yo)
Pleurer,울어요 (u-reo-yo)
Penser,생각해요 (saeng-ga-kae-yo)
Espérer,바라요 (ba-ra-yo)
S'inquiéter,걱정해요 (geok-jjeong-hae-yo)
Heureux,행복해요 (haeng-bo-kae-yo)
Triste,슬퍼요 (seul-peo-yo)
En colère,화나요 (hwa-na-yo)
Surpris,놀랐어요 (nol-la-sseo-yo)
Effrayé,무서워요 (mu-seo-wo-yo)
Ennuyé,지루해요 (ji-ru-hae-yo)
Calme,조용해요 (jo-yong-hae-yo)
Bruyant,시끄러워요 (si-kkeu-reo-wo-yo)
Propre,깨끗해요 (kkae-kkeu-tae-yo)
Sale,더러워요 (deo-reo-wo-yo)
Nouveau,새롭다 (sae-rop-tta)
Vieux (objet),오래됐다 (o-rae-dwaet-tta)
Jeune (âge),젊다 (jeom-tta)
Vieux (âge),늙다 (neuk-tta)
Fort,강해요 (gang-hae-yo)
Faible,약해요 (ya-kae-yo)
Lourd,무거워요 (mu-geo-wo-yo)
Léger,가벼워요 (ga-byeo-wo-yo)
Dur (difficile),딱딱하다 (ttak-tta-ka-da)
Mou,부드럽다 (bu-deu-reop-tta)
Vide,비어 있어요 (bi-eo i-sseo-yo)
Plein,가득 해요 (ga-deuk hae-yo)
Cher (prix),비싸요 (bi-ssa-yo)
Bon marché,싸요 (ssa-yo)
Long,길어요 (gi-reo-yo)
Court,짧아요 (jjal-ba-yo)
Large,넓어요 (neol-beo-yo)
Étroit,좁아요 (jo-ba-yo)
Confortable,편안해요 (pyeo-na-nae-yo)
Inconfortable,불편해요 (bul-pyeo-nae-yo)
Vrai,진실 (jin-sil)
Faux,거짓말 (geo-jin-mal)
Possible,가능해요 (ga-neung-hae-yo)
Impossible,불가능해요 (bul-ga-neung-hae-yo)
Nécessaire,필요해요 (pi-ryo-hae-yo)
Important,중요해요 (jung-yo-hae-yo)
Sûr / Certain,확실해요 (hwak-ssi-rae-yo)
,
Médecin,의사 (ui-sa)
Fonctionnaire,공무원 (gong-mu-won)
Lycéen,고등학생 (go-deung-hak-saeng)
Mairie,시청 (si-cheong)
Canapé,소파 (so-pa)
Jeu,게임 (ge-im)
Habiter / Vivre,살아요 (sa-ra-yo)
Jouer / S'amuser,놀아요 (no-ra-yo)
Se promener,산책해요 (san-chaek-hae-yo)
Se reposer,쉬어요 (swi-eo-yo)
Ensemble,같이 (ga-chi)
S'ennuyer,심심해요 (sim-sim-hae-yo)
Tôt,일찍 (il-jjik)
Je suis de retour,다녀왔습니다 (da-nyeo-wat-seum-ni-da)
Kimbap,김밥 (gim-bap)
Ramyeon,라면 (ra-myeon)